simulation_id,result,total_turns,victims_rescued,victims_lost,structural_damage,,,
1,DERROTA_ESTRUCTURAL,9,4,1,24,,,
2,DERROTA_ESTRUCTURAL,12,4,0,25,,,
3,DERROTA_ESTRUCTURAL,11,3,0,26,,,
4,DERROTA_ESTRUCTURAL,10,4,0,24,,,
5,DERROTA_ESTRUCTURAL,10,4,2,25,,,
6,TIMEOUT,-1,-1,-1,-1,,,
7,DERROTA_ESTRUCTURAL,8,4,3,25,,,
8,TIMEOUT,-1,-1,-1,-1,,,
9,TIMEOUT,-1,-1,-1,-1,,,
10,DERROTA_ESTRUCTURAL,12,5,0,25,,,
11,DERROTA_ESTRUCTURAL,11,4,0,25,,,
12,TIMEOUT,-1,-1,-1,-1,,,
13,DERROTA_ESTRUCTURAL,10,4,1,26,,,
14,DERROTA_ESTRUCTURAL,11,5,1,24,,,
15,DERROTA_VICTIMAS,10,3,4,24,,,
16,DERROTA_ESTRUCTURAL,13,3,1,26,,,
17,TIMEOUT,-1,-1,-1,-1,,,
18,TIMEOUT,-1,-1,-1,-1,,,
19,TIMEOUT,-1,-1,-1,-1,,,
20,TIMEOUT,-1,-1,-1,-1,,,
21,TIMEOUT,-1,-1,-1,-1,,,
22,DERROTA_ESTRUCTURAL,9,4,0,24,,,
23,TIMEOUT,-1,-1,-1,-1,,,
24,TIMEOUT,-1,-1,-1,-1,,,
25,DERROTA_ESTRUCTURAL,11,3,2,24,,,
26,DERROTA_ESTRUCTURAL,10,6,1,25,,,
27,DERROTA_ESTRUCTURAL,13,4,0,24,,,
28,TIMEOUT,-1,-1,-1,-1,,,
29,TIMEOUT,-1,-1,-1,-1,,,
30,DERROTA_ESTRUCTURAL,12,2,0,25,,,
31,DERROTA_ESTRUCTURAL,12,4,2,27,,,
32,TIMEOUT,-1,-1,-1,-1,,,
33,TIMEOUT,-1,-1,-1,-1,,,
34,DERROTA_ESTRUCTURAL,12,3,0,25,,,
35,TIMEOUT,-1,-1,-1,-1,,,
36,TIMEOUT,-1,-1,-1,-1,,,
37,DERROTA_ESTRUCTURAL,8,2,1,27,,,
38,DERROTA_VICTIMAS,9,4,4,19,,,
39,TIMEOUT,-1,-1,-1,-1,,,
40,TIMEOUT,-1,-1,-1,-1,,,
41,DERROTA_ESTRUCTURAL,12,3,0,24,,,
42,TIMEOUT,-1,-1,-1,-1,,,
43,TIMEOUT,-1,-1,-1,-1,,,
44,TIMEOUT,-1,-1,-1,-1,,,
45,DERROTA_ESTRUCTURAL,13,3,2,24,,,
46,DERROTA_ESTRUCTURAL,12,3,3,24,,,
47,DERROTA_ESTRUCTURAL,12,4,3,25,,,
48,DERROTA_ESTRUCTURAL,11,2,1,25,,,
49,TIMEOUT,-1,-1,-1,-1,,,
50,DERROTA_ESTRUCTURAL,9,2,1,26,,,
51,DERROTA_ESTRUCTURAL,11,5,2,25,,,
52,DERROTA_ESTRUCTURAL,11,3,3,26,,,
53,DERROTA_ESTRUCTURAL,12,3,2,25,,,
54,TIMEOUT,-1,-1,-1,-1,,,
55,TIMEOUT,-1,-1,-1,-1,,,
56,DERROTA_ESTRUCTURAL,10,3,1,27,,,
57,TIMEOUT,-1,-1,-1,-1,,,
58,DERROTA_ESTRUCTURAL,10,3,0,24,,,
59,DERROTA_ESTRUCTURAL,7,5,3,24,,,
60,TIMEOUT,-1,-1,-1,-1,,,
61,DERROTA_ESTRUCTURAL,11,3,0,24,,,
62,DERROTA_ESTRUCTURAL,10,6,2,25,,,
63,DERROTA_ESTRUCTURAL,12,5,1,25,,,
64,TIMEOUT,-1,-1,-1,-1,,,
65,TIMEOUT,-1,-1,-1,-1,,,
66,DERROTA_ESTRUCTURAL,8,4,1,27,,,
67,DERROTA_ESTRUCTURAL,11,5,3,26,,,
68,TIMEOUT,-1,-1,-1,-1,,,
69,DERROTA_ESTRUCTURAL,7,4,1,25,,,
70,TIMEOUT,-1,-1,-1,-1,,,
71,TIMEOUT,-1,-1,-1,-1,,,
72,DERROTA_ESTRUCTURAL,8,2,3,25,,,
73,TIMEOUT,-1,-1,-1,-1,,,
74,DERROTA_ESTRUCTURAL,10,4,1,24,,,
75,DERROTA_ESTRUCTURAL,10,5,0,27,,,
76,DERROTA_ESTRUCTURAL,13,2,0,26,,,
77,DERROTA_ESTRUCTURAL,8,5,1,27,,,
78,DERROTA_ESTRUCTURAL,13,4,1,25,,,
79,DERROTA_ESTRUCTURAL,11,4,1,24,,,
80,DERROTA_ESTRUCTURAL,13,3,1,25,,,
81,TIMEOUT,-1,-1,-1,-1,,,
82,DERROTA_ESTRUCTURAL,12,2,0,25,,,
83,TIMEOUT,-1,-1,-1,-1,,,
84,DERROTA_VICTIMAS,9,3,4,16,,,
85,DERROTA_ESTRUCTURAL,9,4,1,24,,,
86,DERROTA_ESTRUCTURAL,14,4,0,24,,,
87,TIMEOUT,-1,-1,-1,-1,,,
88,DERROTA_ESTRUCTURAL,12,2,1,25,,,
89,TIMEOUT,-1,-1,-1,-1,,,
90,TIMEOUT,-1,-1,-1,-1,,,
91,DERROTA_ESTRUCTURAL,12,4,0,26,,,
92,DERROTA_ESTRUCTURAL,9,3,0,24,,,
93,TIMEOUT,-1,-1,-1,-1,,,
94,DERROTA_ESTRUCTURAL,12,3,0,25,,,
95,DERROTA_ESTRUCTURAL,10,3,0,25,,,
96,TIMEOUT,-1,-1,-1,-1,,,
97,TIMEOUT,-1,-1,-1,-1,,,
98,DERROTA_ESTRUCTURAL,12,6,2,26,,,
99,TIMEOUT,-1,-1,-1,-1,,,
100,TIMEOUT,-1,-1,-1,-1,,,
101,DERROTA_ESTRUCTURAL,12,3,3,24,,,
102,TIMEOUT,-1,-1,-1,-1,,,
103,VICTORIA,7,7,0,14,,,
104,DERROTA_ESTRUCTURAL,12,5,1,25,,,
105,DERROTA_VICTIMAS,11,4,4,22,,,
106,TIMEOUT,-1,-1,-1,-1,,,
107,DERROTA_ESTRUCTURAL,12,3,2,27,,,
108,TIMEOUT,-1,-1,-1,-1,,,
109,DERROTA_ESTRUCTURAL,11,3,0,24,,,
110,TIMEOUT,-1,-1,-1,-1,,,
111,TIMEOUT,-1,-1,-1,-1,,,
112,DERROTA_ESTRUCTURAL,13,5,0,25,,,
113,TIMEOUT,-1,-1,-1,-1,,,
114,TIMEOUT,-1,-1,-1,-1,,,
115,TIMEOUT,-1,-1,-1,-1,,,
116,TIMEOUT,-1,-1,-1,-1,,,
117,TIMEOUT,-1,-1,-1,-1,,,
118,DERROTA_ESTRUCTURAL,12,3,0,26,,,
119,DERROTA_ESTRUCTURAL,10,5,2,27,,,
120,DERROTA_ESTRUCTURAL,13,3,0,26,,,
121,TIMEOUT,-1,-1,-1,-1,,,
122,TIMEOUT,-1,-1,-1,-1,,,
123,DERROTA_VICTIMAS,9,3,4,26,,,
124,TIMEOUT,-1,-1,-1,-1,,,
125,TIMEOUT,-1,-1,-1,-1,,,
126,TIMEOUT,-1,-1,-1,-1,,,
127,DERROTA_ESTRUCTURAL,8,2,1,24,,,
128,DERROTA_ESTRUCTURAL,14,3,1,29,,,
129,DERROTA_VICTIMAS,8,3,4,18,,,
130,DERROTA_ESTRUCTURAL,11,5,2,24,,,
131,TIMEOUT,-1,-1,-1,-1,,,
132,TIMEOUT,-1,-1,-1,-1,,,
133,DERROTA_ESTRUCTURAL,9,6,1,26,,,
134,TIMEOUT,-1,-1,-1,-1,,,
135,DERROTA_ESTRUCTURAL,13,2,0,25,,,
136,DERROTA_ESTRUCTURAL,9,5,3,24,,,
137,TIMEOUT,-1,-1,-1,-1,,,
138,TIMEOUT,-1,-1,-1,-1,,,
139,DERROTA_ESTRUCTURAL,11,5,3,26,,,
140,TIMEOUT,-1,-1,-1,-1,,,
141,TIMEOUT,-1,-1,-1,-1,,,
142,DERROTA_VICTIMAS,9,3,4,22,,,
143,TIMEOUT,-1,-1,-1,-1,,,
144,TIMEOUT,-1,-1,-1,-1,,,
145,TIMEOUT,-1,-1,-1,-1,,,
146,TIMEOUT,-1,-1,-1,-1,,,
147,DERROTA_ESTRUCTURAL,11,3,3,25,,,
148,VICTORIA,8,7,1,14,,,
149,TIMEOUT,-1,-1,-1,-1,,,
150,DERROTA_VICTIMAS,8,3,4,16,,,
151,DERROTA_ESTRUCTURAL,13,5,0,25,,,
152,TIMEOUT,-1,-1,-1,-1,,,
153,TIMEOUT,-1,-1,-1,-1,,,
154,TIMEOUT,-1,-1,-1,-1,,,
155,TIMEOUT,-1,-1,-1,-1,,,
156,TIMEOUT,-1,-1,-1,-1,,,
157,DERROTA_ESTRUCTURAL,13,2,0,26,,,
158,DERROTA_ESTRUCTURAL,11,2,0,24,,,
159,DERROTA_ESTRUCTURAL,11,3,0,29,,,
160,TIMEOUT,-1,-1,-1,-1,,,
161,DERROTA_ESTRUCTURAL,11,3,3,24,,,
162,TIMEOUT,-1,-1,-1,-1,,,
163,TIMEOUT,-1,-1,-1,-1,,,
164,DERROTA_ESTRUCTURAL,9,4,2,24,,,
165,DERROTA_VICTIMAS,9,3,4,19,,,
166,TIMEOUT,-1,-1,-1,-1,,,
167,DERROTA_ESTRUCTURAL,13,3,1,26,,,
168,DERROTA_ESTRUCTURAL,11,5,1,25,,,
169,DERROTA_ESTRUCTURAL,12,3,0,24,,,
170,TIMEOUT,-1,-1,-1,-1,,,
171,TIMEOUT,-1,-1,-1,-1,,,
172,DERROTA_ESTRUCTURAL,9,2,0,24,,,
173,DERROTA_ESTRUCTURAL,10,4,1,24,,,
174,TIMEOUT,-1,-1,-1,-1,,,
175,TIMEOUT,-1,-1,-1,-1,,,
176,TIMEOUT,-1,-1,-1,-1,,,
177,TIMEOUT,-1,-1,-1,-1,,,
178,DERROTA_ESTRUCTURAL,8,4,1,26,,,
179,TIMEOUT,-1,-1,-1,-1,,,
180,DERROTA_ESTRUCTURAL,11,2,0,25,,,
181,DERROTA_ESTRUCTURAL,11,3,0,27,,,
182,DERROTA_ESTRUCTURAL,12,4,1,26,,,
183,DERROTA_ESTRUCTURAL,12,4,1,27,,,
184,TIMEOUT,-1,-1,-1,-1,,,
185,TIMEOUT,-1,-1,-1,-1,,,
186,DERROTA_ESTRUCTURAL,7,6,1,26,,,
187,DERROTA_ESTRUCTURAL,13,3,1,26,,,
188,TIMEOUT,-1,-1,-1,-1,,,
189,DERROTA_ESTRUCTURAL,11,3,0,26,,,
190,DERROTA_ESTRUCTURAL,13,2,1,28,,,
191,DERROTA_ESTRUCTURAL,12,4,0,26,,,
192,DERROTA_ESTRUCTURAL,11,4,1,25,,,
193,DERROTA_ESTRUCTURAL,9,5,2,25,,,
194,DERROTA_ESTRUCTURAL,9,5,2,24,,,
195,TIMEOUT,-1,-1,-1,-1,,,
196,DERROTA_ESTRUCTURAL,11,3,0,24,,,
197,DERROTA_ESTRUCTURAL,8,3,0,24,,,
198,TIMEOUT,-1,-1,-1,-1,,,
199,DERROTA_ESTRUCTURAL,9,4,0,27,,,
200,DERROTA_ESTRUCTURAL,10,3,0,25,,,
201,DERROTA_ESTRUCTURAL,10,5,3,24,,,
202,TIMEOUT,-1,-1,-1,-1,,,
203,TIMEOUT,-1,-1,-1,-1,,,
204,DERROTA_ESTRUCTURAL,11,3,1,25,,,
205,DERROTA_ESTRUCTURAL,11,2,0,26,,,
206,DERROTA_ESTRUCTURAL,11,6,0,26,,,
207,TIMEOUT,-1,-1,-1,-1,,,
208,DERROTA_ESTRUCTURAL,10,5,2,24,,,
209,DERROTA_ESTRUCTURAL,13,3,2,24,,,
210,DERROTA_ESTRUCTURAL,11,3,0,25,,,
211,DERROTA_ESTRUCTURAL,13,3,2,24,,,
212,TIMEOUT,-1,-1,-1,-1,,,
213,TIMEOUT,-1,-1,-1,-1,,,
214,DERROTA_ESTRUCTURAL,12,5,0,24,,,
215,DERROTA_ESTRUCTURAL,9,3,1,27,,,
216,TIMEOUT,-1,-1,-1,-1,,,
217,DERROTA_ESTRUCTURAL,11,3,0,24,,,
218,DERROTA_ESTRUCTURAL,12,6,0,27,,,
219,TIMEOUT,-1,-1,-1,-1,,,
220,DERROTA_ESTRUCTURAL,10,3,0,26,,,
221,TIMEOUT,-1,-1,-1,-1,,,
222,DERROTA_ESTRUCTURAL,13,2,3,26,,,
223,TIMEOUT,-1,-1,-1,-1,,,
224,TIMEOUT,-1,-1,-1,-1,,,
225,TIMEOUT,-1,-1,-1,-1,,,
226,DERROTA_ESTRUCTURAL,12,4,1,24,,,
227,DERROTA_ESTRUCTURAL,12,3,0,26,,,
228,TIMEOUT,-1,-1,-1,-1,,,
229,DERROTA_ESTRUCTURAL,13,4,0,26,,,
230,TIMEOUT,-1,-1,-1,-1,,,
231,TIMEOUT,-1,-1,-1,-1,,,
232,DERROTA_ESTRUCTURAL,13,5,1,27,,,
233,TIMEOUT,-1,-1,-1,-1,,,
234,TIMEOUT,-1,-1,-1,-1,,,
235,DERROTA_ESTRUCTURAL,14,4,2,25,,,
236,DERROTA_ESTRUCTURAL,13,6,0,26,,,
237,DERROTA_ESTRUCTURAL,9,4,2,26,,,
238,TIMEOUT,-1,-1,-1,-1,,,
239,DERROTA_ESTRUCTURAL,16,4,0,26,,,
240,DERROTA_ESTRUCTURAL,10,3,0,25,,,
241,DERROTA_ESTRUCTURAL,9,3,1,24,,,
242,DERROTA_ESTRUCTURAL,13,4,1,24,,,
243,DERROTA_ESTRUCTURAL,10,3,0,24,,,
244,DERROTA_ESTRUCTURAL,12,2,0,26,,,
245,TIMEOUT,-1,-1,-1,-1,,,
246,TIMEOUT,-1,-1,-1,-1,,,
247,DERROTA_ESTRUCTURAL,12,2,0,27,,,
248,TIMEOUT,-1,-1,-1,-1,,,
249,TIMEOUT,-1,-1,-1,-1,,,
250,TIMEOUT,-1,-1,-1,-1,,,
251,TIMEOUT,-1,-1,-1,-1,,,
252,TIMEOUT,-1,-1,-1,-1,,,
253,DERROTA_ESTRUCTURAL,11,4,0,26,,,
254,TIMEOUT,-1,-1,-1,-1,,,
255,DERROTA_VICTIMAS,9,3,4,24,,,
256,TIMEOUT,-1,-1,-1,-1,,,
257,TIMEOUT,-1,-1,-1,-1,,,
258,DERROTA_ESTRUCTURAL,11,4,2,27,,,
259,DERROTA_ESTRUCTURAL,13,2,0,27,,,
260,TIMEOUT,-1,-1,-1,-1,,,
261,DERROTA_ESTRUCTURAL,14,3,0,27,,,
262,DERROTA_ESTRUCTURAL,12,2,0,27,,,
263,TIMEOUT,-1,-1,-1,-1,,,
264,DERROTA_ESTRUCTURAL,7,5,0,25,,,
265,DERROTA_VICTIMAS,9,6,5,18,,,
266,DERROTA_ESTRUCTURAL,13,3,1,25,,,
267,TIMEOUT,-1,-1,-1,-1,,,
268,TIMEOUT,-1,-1,-1,-1,,,
269,DERROTA_VICTIMAS,11,4,4,23,,,
270,DERROTA_VICTIMAS,9,4,4,18,,,
271,TIMEOUT,-1,-1,-1,-1,,,
272,DERROTA_ESTRUCTURAL,14,2,0,27,,,
273,TIMEOUT,-1,-1,-1,-1,,,
274,TIMEOUT,-1,-1,-1,-1,,,
275,TIMEOUT,-1,-1,-1,-1,,,
276,TIMEOUT,-1,-1,-1,-1,,,
277,TIMEOUT,-1,-1,-1,-1,,,
278,TIMEOUT,-1,-1,-1,-1,,,
279,DERROTA_ESTRUCTURAL,14,4,0,25,,,
280,VICTORIA,8,7,0,21,,,
281,DERROTA_VICTIMAS,11,5,4,18,,,
282,VICTORIA,9,7,0,21,,,
283,DERROTA_ESTRUCTURAL,12,4,0,26,,,
284,DERROTA_ESTRUCTURAL,9,4,1,24,,,
285,TIMEOUT,-1,-1,-1,-1,,,
286,TIMEOUT,-1,-1,-1,-1,,,
287,TIMEOUT,-1,-1,-1,-1,,,
288,DERROTA_ESTRUCTURAL,12,5,2,25,,,
289,DERROTA_ESTRUCTURAL,10,2,0,24,,,
290,TIMEOUT,-1,-1,-1,-1,,,
291,TIMEOUT,-1,-1,-1,-1,,,
292,TIMEOUT,-1,-1,-1,-1,,,
293,TIMEOUT,-1,-1,-1,-1,,,
294,DERROTA_ESTRUCTURAL,11,3,2,25,,,
295,TIMEOUT,-1,-1,-1,-1,,,
296,TIMEOUT,-1,-1,-1,-1,,,
297,TIMEOUT,-1,-1,-1,-1,,,
298,DERROTA_ESTRUCTURAL,9,3,2,25,,,
299,TIMEOUT,-1,-1,-1,-1,,,
300,TIMEOUT,-1,-1,-1,-1,,,
301,TIMEOUT,-1,-1,-1,-1,,,
302,TIMEOUT,-1,-1,-1,-1,,,
303,DERROTA_VICTIMAS,7,4,4,9,,,
304,DERROTA_ESTRUCTURAL,11,2,0,26,,,
305,DERROTA_ESTRUCTURAL,12,3,2,27,,,
306,TIMEOUT,-1,-1,-1,-1,,,
307,DERROTA_ESTRUCTURAL,12,3,0,26,,,
308,DERROTA_ESTRUCTURAL,14,4,0,24,,,
309,DERROTA_ESTRUCTURAL,9,4,3,26,,,
310,DERROTA_ESTRUCTURAL,9,4,0,24,,,
311,TIMEOUT,-1,-1,-1,-1,,,
312,TIMEOUT,-1,-1,-1,-1,,,
313,VICTORIA,7,7,0,12,,,
314,TIMEOUT,-1,-1,-1,-1,,,
315,DERROTA_ESTRUCTURAL,9,3,2,25,,,
316,DERROTA_ESTRUCTURAL,13,3,1,25,,,
317,DERROTA_ESTRUCTURAL,13,4,1,26,,,
318,DERROTA_ESTRUCTURAL,14,6,3,25,,,
319,DERROTA_ESTRUCTURAL,12,3,0,25,,,
320,DERROTA_VICTIMAS,8,4,4,10,,,
321,TIMEOUT,-1,-1,-1,-1,,,
322,TIMEOUT,-1,-1,-1,-1,,,
323,TIMEOUT,-1,-1,-1,-1,,,
324,DERROTA_ESTRUCTURAL,11,3,1,25,,,
325,DERROTA_ESTRUCTURAL,11,3,0,25,,,
326,TIMEOUT,-1,-1,-1,-1,,,
327,TIMEOUT,-1,-1,-1,-1,,,
328,TIMEOUT,-1,-1,-1,-1,,,
329,TIMEOUT,-1,-1,-1,-1,,,
330,DERROTA_ESTRUCTURAL,11,3,0,25,,,
331,DERROTA_ESTRUCTURAL,11,3,0,25,,,
332,DERROTA_ESTRUCTURAL,12,6,2,26,,,
333,DERROTA_ESTRUCTURAL,10,5,0,26,,,
334,DERROTA_ESTRUCTURAL,12,3,0,26,,,
335,DERROTA_ESTRUCTURAL,9,4,2,24,,,
336,TIMEOUT,-1,-1,-1,-1,,,
337,TIMEOUT,-1,-1,-1,-1,,,
338,TIMEOUT,-1,-1,-1,-1,,,
339,TIMEOUT,-1,-1,-1,-1,,,
340,TIMEOUT,-1,-1,-1,-1,,,
341,TIMEOUT,-1,-1,-1,-1,,,
342,DERROTA_ESTRUCTURAL,12,3,0,25,,,
343,TIMEOUT,-1,-1,-1,-1,,,
344,DERROTA_ESTRUCTURAL,13,3,0,24,,,
345,TIMEOUT,-1,-1,-1,-1,,,
346,DERROTA_ESTRUCTURAL,10,2,3,26,,,
347,DERROTA_VICTIMAS,7,4,4,17,,,
348,DERROTA_VICTIMAS,9,4,4,23,,,
349,VICTORIA,8,8,0,14,,,
350,TIMEOUT,-1,-1,-1,-1,,,
351,TIMEOUT,-1,-1,-1,-1,,,
352,TIMEOUT,-1,-1,-1,-1,,,
353,DERROTA_ESTRUCTURAL,11,3,0,28,,,
354,TIMEOUT,-1,-1,-1,-1,,,
355,DERROTA_ESTRUCTURAL,12,2,0,24,,,
356,DERROTA_ESTRUCTURAL,13,6,1,26,,,
357,DERROTA_ESTRUCTURAL,8,4,0,24,,,
358,TIMEOUT,-1,-1,-1,-1,,,
359,TIMEOUT,-1,-1,-1,-1,,,
360,DERROTA_ESTRUCTURAL,8,4,0,25,,,
361,DERROTA_ESTRUCTURAL,12,4,1,24,,,
362,TIMEOUT,-1,-1,-1,-1,,,
363,TIMEOUT,-1,-1,-1,-1,,,
364,DERROTA_VICTIMAS,9,3,4,21,,,
365,TIMEOUT,-1,-1,-1,-1,,,
366,TIMEOUT,-1,-1,-1,-1,,,
367,TIMEOUT,-1,-1,-1,-1,,,
368,DERROTA_ESTRUCTURAL,10,4,1,24,,,
369,DERROTA_ESTRUCTURAL,10,6,3,26,,,
370,TIMEOUT,-1,-1,-1,-1,,,
371,DERROTA_VICTIMAS,8,3,4,15,,,
372,DERROTA_ESTRUCTURAL,10,3,1,24,,,
373,DERROTA_ESTRUCTURAL,11,3,0,25,,,
374,DERROTA_ESTRUCTURAL,11,3,0,25,,,
375,DERROTA_ESTRUCTURAL,6,3,3,26,,,
376,TIMEOUT,-1,-1,-1,-1,,,
377,TIMEOUT,-1,-1,-1,-1,,,
378,TIMEOUT,-1,-1,-1,-1,,,
379,DERROTA_ESTRUCTURAL,12,3,1,28,,,
380,DERROTA_ESTRUCTURAL,11,3,0,25,,,
381,TIMEOUT,-1,-1,-1,-1,,,
382,TIMEOUT,-1,-1,-1,-1,,,
383,TIMEOUT,-1,-1,-1,-1,,,
384,DERROTA_ESTRUCTURAL,12,3,1,28,,,
385,VICTORIA,9,7,3,17,,,
386,DERROTA_ESTRUCTURAL,11,4,0,27,,,
387,TIMEOUT,-1,-1,-1,-1,,,
388,DERROTA_VICTIMAS,9,3,4,23,,,
389,DERROTA_ESTRUCTURAL,11,4,3,26,,,
390,TIMEOUT,-1,-1,-1,-1,,,
391,DERROTA_ESTRUCTURAL,13,4,1,25,,,
392,DERROTA_ESTRUCTURAL,12,3,1,26,,,
393,TIMEOUT,-1,-1,-1,-1,,,
394,DERROTA_ESTRUCTURAL,11,2,1,24,,,
395,VICTORIA,7,7,0,12,,,
396,DERROTA_VICTIMAS,7,3,4,16,,,
397,DERROTA_ESTRUCTURAL,9,5,1,24,,,
398,TIMEOUT,-1,-1,-1,-1,,,
399,VICTORIA,7,7,0,11,,,
400,TIMEOUT,-1,-1,-1,-1,,,
401,DERROTA_ESTRUCTURAL,13,3,0,26,,,
402,DERROTA_ESTRUCTURAL,10,2,0,27,,,
403,TIMEOUT,-1,-1,-1,-1,,,
404,DERROTA_ESTRUCTURAL,12,3,1,24,,,
405,DERROTA_VICTIMAS,7,3,4,18,,,
406,DERROTA_ESTRUCTURAL,12,5,0,24,,,
407,DERROTA_ESTRUCTURAL,11,4,1,28,,,
408,TIMEOUT,-1,-1,-1,-1,,,
409,TIMEOUT,-1,-1,-1,-1,,,
410,DERROTA_ESTRUCTURAL,11,3,0,27,,,
411,TIMEOUT,-1,-1,-1,-1,,,
412,DERROTA_ESTRUCTURAL,11,4,3,26,,,
413,TIMEOUT,-1,-1,-1,-1,,,
414,DERROTA_ESTRUCTURAL,11,5,3,26,,,
415,TIMEOUT,-1,-1,-1,-1,,,
416,TIMEOUT,-1,-1,-1,-1,,,
417,TIMEOUT,-1,-1,-1,-1,,,
418,DERROTA_ESTRUCTURAL,9,3,2,26,,,
419,DERROTA_ESTRUCTURAL,11,4,0,26,,,
420,TIMEOUT,-1,-1,-1,-1,,,
421,DERROTA_ESTRUCTURAL,11,6,3,25,,,
422,DERROTA_ESTRUCTURAL,9,2,0,25,,,
423,TIMEOUT,-1,-1,-1,-1,,,
424,TIMEOUT,-1,-1,-1,-1,,,
425,TIMEOUT,-1,-1,-1,-1,,,
426,TIMEOUT,-1,-1,-1,-1,,,
427,TIMEOUT,-1,-1,-1,-1,,,
428,TIMEOUT,-1,-1,-1,-1,,,
429,TIMEOUT,-1,-1,-1,-1,,,
430,TIMEOUT,-1,-1,-1,-1,,,
431,TIMEOUT,-1,-1,-1,-1,,,
432,DERROTA_ESTRUCTURAL,13,3,0,26,,,
433,TIMEOUT,-1,-1,-1,-1,,,
434,DERROTA_VICTIMAS,8,3,4,18,,,
435,TIMEOUT,-1,-1,-1,-1,,,
436,DERROTA_ESTRUCTURAL,9,5,1,27,,,
437,DERROTA_ESTRUCTURAL,14,2,2,28,,,
438,DERROTA_ESTRUCTURAL,11,3,1,24,,,
439,DERROTA_ESTRUCTURAL,15,4,2,26,,,
440,TIMEOUT,-1,-1,-1,-1,,,
441,DERROTA_ESTRUCTURAL,10,3,2,25,,,
442,TIMEOUT,-1,-1,-1,-1,,,
443,DERROTA_ESTRUCTURAL,11,3,0,24,,,
444,DERROTA_ESTRUCTURAL,11,4,0,26,,,
445,TIMEOUT,-1,-1,-1,-1,,,
446,DERROTA_ESTRUCTURAL,10,4,0,24,,,
447,TIMEOUT,-1,-1,-1,-1,,,
448,TIMEOUT,-1,-1,-1,-1,,,
449,TIMEOUT,-1,-1,-1,-1,,,
450,DERROTA_ESTRUCTURAL,14,5,0,25,,,
451,DERROTA_ESTRUCTURAL,11,5,0,26,,,
452,TIMEOUT,-1,-1,-1,-1,,,
453,DERROTA_ESTRUCTURAL,10,2,0,26,,,
454,TIMEOUT,-1,-1,-1,-1,,,
455,DERROTA_ESTRUCTURAL,12,5,0,26,,,
456,DERROTA_ESTRUCTURAL,11,4,0,27,,,
457,DERROTA_ESTRUCTURAL,10,5,2,27,,,
458,TIMEOUT,-1,-1,-1,-1,,,
459,TIMEOUT,-1,-1,-1,-1,,,
460,TIMEOUT,-1,-1,-1,-1,,,
461,TIMEOUT,-1,-1,-1,-1,,,
462,TIMEOUT,-1,-1,-1,-1,,,
463,DERROTA_ESTRUCTURAL,10,5,3,25,,,
464,DERROTA_ESTRUCTURAL,14,2,0,27,,,
465,DERROTA_ESTRUCTURAL,7,5,2,24,,,
466,DERROTA_ESTRUCTURAL,12,2,0,25,,,
467,DERROTA_ESTRUCTURAL,13,6,3,24,,,
468,TIMEOUT,-1,-1,-1,-1,,,
469,DERROTA_ESTRUCTURAL,11,3,1,25,,,
470,DERROTA_VICTIMAS,7,2,4,11,,,
471,TIMEOUT,-1,-1,-1,-1,,,
472,DERROTA_ESTRUCTURAL,15,5,0,25,,,
473,DERROTA_ESTRUCTURAL,10,5,2,25,,,
474,TIMEOUT,-1,-1,-1,-1,,,
475,TIMEOUT,-1,-1,-1,-1,,,
476,TIMEOUT,-1,-1,-1,-1,,,
477,TIMEOUT,-1,-1,-1,-1,,,
478,TIMEOUT,-1,-1,-1,-1,,,
479,TIMEOUT,-1,-1,-1,-1,,,
480,DERROTA_ESTRUCTURAL,11,4,0,27,,,
481,DERROTA_ESTRUCTURAL,12,2,0,24,,,
482,DERROTA_ESTRUCTURAL,9,4,3,27,,,
483,DERROTA_ESTRUCTURAL,12,3,0,28,,,
484,VICTORIA,11,7,2,16,,,
485,DERROTA_ESTRUCTURAL,12,2,0,24,,,
486,DERROTA_ESTRUCTURAL,14,2,0,27,,,
487,DERROTA_ESTRUCTURAL,12,2,2,28,,,
488,TIMEOUT,-1,-1,-1,-1,,,
489,TIMEOUT,-1,-1,-1,-1,,,
490,DERROTA_ESTRUCTURAL,11,5,0,25,,,
491,DERROTA_ESTRUCTURAL,13,2,1,26,,,
492,TIMEOUT,-1,-1,-1,-1,,,
493,DERROTA_ESTRUCTURAL,13,2,0,27,,,
494,DERROTA_ESTRUCTURAL,13,5,3,26,,,
495,TIMEOUT,-1,-1,-1,-1,,,
496,DERROTA_VICTIMAS,12,4,4,23,,,
497,TIMEOUT,-1,-1,-1,-1,,,
498,TIMEOUT,-1,-1,-1,-1,,,
499,TIMEOUT,-1,-1,-1,-1,,,
500,DERROTA_ESTRUCTURAL,10,5,3,24,,,
501,DERROTA_ESTRUCTURAL,11,2,0,26,,,
502,TIMEOUT,-1,-1,-1,-1,,,
503,TIMEOUT,-1,-1,-1,-1,,,
504,DERROTA_VICTIMAS,10,2,4,20,,,
505,DERROTA_ESTRUCTURAL,11,4,1,26,,,
506,TIMEOUT,-1,-1,-1,-1,,,
507,DERROTA_ESTRUCTURAL,10,4,1,25,,,
508,TIMEOUT,-1,-1,-1,-1,,,
509,DERROTA_ESTRUCTURAL,10,5,2,25,,,
510,DERROTA_ESTRUCTURAL,12,4,0,26,,,
511,TIMEOUT,-1,-1,-1,-1,,,
512,TIMEOUT,-1,-1,-1,-1,,,
513,DERROTA_ESTRUCTURAL,10,3,0,25,,,
514,TIMEOUT,-1,-1,-1,-1,,,
515,VICTORIA,7,7,0,12,,,
516,TIMEOUT,-1,-1,-1,-1,,,
517,DERROTA_ESTRUCTURAL,10,2,0,25,,,
518,TIMEOUT,-1,-1,-1,-1,,,
519,TIMEOUT,-1,-1,-1,-1,,,
520,DERROTA_ESTRUCTURAL,11,6,2,25,,,
521,DERROTA_ESTRUCTURAL,12,2,1,25,,,
522,DERROTA_ESTRUCTURAL,13,3,1,25,,,
523,DERROTA_ESTRUCTURAL,13,4,3,24,,,
524,DERROTA_ESTRUCTURAL,12,2,0,24,,,
525,TIMEOUT,-1,-1,-1,-1,,,
526,TIMEOUT,-1,-1,-1,-1,,,
527,DERROTA_ESTRUCTURAL,14,6,3,25,,,
528,DERROTA_ESTRUCTURAL,15,3,1,24,,,
529,DERROTA_ESTRUCTURAL,10,5,1,24,,,
530,TIMEOUT,-1,-1,-1,-1,,,
531,DERROTA_ESTRUCTURAL,12,4,0,24,,,
532,DERROTA_ESTRUCTURAL,9,3,1,26,,,
533,TIMEOUT,-1,-1,-1,-1,,,
534,TIMEOUT,-1,-1,-1,-1,,,
535,DERROTA_ESTRUCTURAL,9,4,3,24,,,
536,DERROTA_ESTRUCTURAL,14,4,0,28,,,
537,DERROTA_ESTRUCTURAL,11,3,0,24,,,
538,TIMEOUT,-1,-1,-1,-1,,,
539,TIMEOUT,-1,-1,-1,-1,,,
540,TIMEOUT,-1,-1,-1,-1,,,
541,DERROTA_ESTRUCTURAL,11,3,0,24,,,
542,DERROTA_ESTRUCTURAL,14,2,0,24,,,
543,TIMEOUT,-1,-1,-1,-1,,,
544,DERROTA_ESTRUCTURAL,10,5,2,24,,,
545,DERROTA_ESTRUCTURAL,14,3,1,27,,,
546,DERROTA_ESTRUCTURAL,11,6,1,25,,,
547,DERROTA_ESTRUCTURAL,11,6,2,26,,,
548,DERROTA_ESTRUCTURAL,11,5,1,24,,,
549,DERROTA_ESTRUCTURAL,12,2,0,27,,,
550,DERROTA_ESTRUCTURAL,12,3,2,25,,,
551,TIMEOUT,-1,-1,-1,-1,,,
552,TIMEOUT,-1,-1,-1,-1,,,
553,TIMEOUT,-1,-1,-1,-1,,,
554,TIMEOUT,-1,-1,-1,-1,,,
555,DERROTA_ESTRUCTURAL,10,4,1,25,,,
556,DERROTA_VICTIMAS,8,3,4,16,,,
557,DERROTA_ESTRUCTURAL,10,4,0,24,,,
558,TIMEOUT,-1,-1,-1,-1,,,
559,DERROTA_ESTRUCTURAL,10,3,2,26,,,
560,TIMEOUT,-1,-1,-1,-1,,,
561,DERROTA_ESTRUCTURAL,10,3,2,26,,,
562,DERROTA_ESTRUCTURAL,12,3,1,25,,,
563,DERROTA_ESTRUCTURAL,10,6,2,25,,,
564,DERROTA_ESTRUCTURAL,13,2,1,25,,,
565,DERROTA_ESTRUCTURAL,11,4,2,27,,,
566,TIMEOUT,-1,-1,-1,-1,,,
567,TIMEOUT,-1,-1,-1,-1,,,
568,DERROTA_VICTIMAS,10,3,4,26,,,
569,TIMEOUT,-1,-1,-1,-1,,,
570,TIMEOUT,-1,-1,-1,-1,,,
571,TIMEOUT,-1,-1,-1,-1,,,
572,TIMEOUT,-1,-1,-1,-1,,,
573,TIMEOUT,-1,-1,-1,-1,,,
574,TIMEOUT,-1,-1,-1,-1,,,
575,DERROTA_ESTRUCTURAL,12,4,0,24,,,
576,TIMEOUT,-1,-1,-1,-1,,,
577,DERROTA_ESTRUCTURAL,10,3,0,25,,,
578,DERROTA_ESTRUCTURAL,13,3,0,24,,,
579,DERROTA_ESTRUCTURAL,10,5,0,25,,,
580,DERROTA_ESTRUCTURAL,11,5,1,26,,,
581,DERROTA_VICTIMAS,8,2,4,16,,,
582,TIMEOUT,-1,-1,-1,-1,,,
583,TIMEOUT,-1,-1,-1,-1,,,
584,DERROTA_ESTRUCTURAL,10,4,0,25,,,
585,DERROTA_ESTRUCTURAL,11,5,2,24,,,
586,DERROTA_VICTIMAS,7,3,4,18,,,
587,TIMEOUT,-1,-1,-1,-1,,,
588,TIMEOUT,-1,-1,-1,-1,,,
589,TIMEOUT,-1,-1,-1,-1,,,
590,TIMEOUT,-1,-1,-1,-1,,,
591,DERROTA_ESTRUCTURAL,13,3,0,25,,,
592,DERROTA_ESTRUCTURAL,9,3,2,25,,,
593,TIMEOUT,-1,-1,-1,-1,,,
594,TIMEOUT,-1,-1,-1,-1,,,
595,DERROTA_ESTRUCTURAL,9,5,0,24,,,
596,TIMEOUT,-1,-1,-1,-1,,,
597,TIMEOUT,-1,-1,-1,-1,,,
598,TIMEOUT,-1,-1,-1,-1,,,
599,TIMEOUT,-1,-1,-1,-1,,,
600,DERROTA_ESTRUCTURAL,11,6,3,24,,,
601,DERROTA_VICTIMAS,7,3,4,14,,,
602,DERROTA_ESTRUCTURAL,11,2,2,25,,,
603,DERROTA_ESTRUCTURAL,12,2,0,26,,,
604,TIMEOUT,-1,-1,-1,-1,,,
605,DERROTA_ESTRUCTURAL,12,5,1,27,,,
606,DERROTA_ESTRUCTURAL,11,2,0,27,,,
607,TIMEOUT,-1,-1,-1,-1,,,
608,TIMEOUT,-1,-1,-1,-1,,,
609,DERROTA_ESTRUCTURAL,10,5,3,24,,,
610,DERROTA_ESTRUCTURAL,10,3,3,25,,,
611,TIMEOUT,-1,-1,-1,-1,,,
612,TIMEOUT,-1,-1,-1,-1,,,
613,DERROTA_ESTRUCTURAL,10,2,2,26,,,
614,TIMEOUT,-1,-1,-1,-1,,,
615,DERROTA_ESTRUCTURAL,7,4,1,24,,,
616,TIMEOUT,-1,-1,-1,-1,,,
617,TIMEOUT,-1,-1,-1,-1,,,
618,TIMEOUT,-1,-1,-1,-1,,,
619,DERROTA_VICTIMAS,11,3,4,16,,,
620,DERROTA_ESTRUCTURAL,10,4,0,24,,,
621,TIMEOUT,-1,-1,-1,-1,,,
622,TIMEOUT,-1,-1,-1,-1,,,
623,DERROTA_VICTIMAS,9,4,4,20,,,
624,TIMEOUT,-1,-1,-1,-1,,,
625,DERROTA_ESTRUCTURAL,9,3,3,28,,,
626,DERROTA_ESTRUCTURAL,14,2,0,28,,,
627,TIMEOUT,-1,-1,-1,-1,,,
628,DERROTA_ESTRUCTURAL,11,3,1,27,,,
629,TIMEOUT,-1,-1,-1,-1,,,
630,TIMEOUT,-1,-1,-1,-1,,,
631,TIMEOUT,-1,-1,-1,-1,,,
632,DERROTA_ESTRUCTURAL,10,3,0,27,,,
633,DERROTA_ESTRUCTURAL,10,4,1,24,,,
634,DERROTA_ESTRUCTURAL,13,6,0,26,,,
635,TIMEOUT,-1,-1,-1,-1,,,
636,DERROTA_ESTRUCTURAL,12,3,2,27,,,
637,TIMEOUT,-1,-1,-1,-1,,,
638,TIMEOUT,-1,-1,-1,-1,,,
639,TIMEOUT,-1,-1,-1,-1,,,
640,DERROTA_VICTIMAS,8,3,4,22,,,
641,DERROTA_ESTRUCTURAL,11,5,1,24,,,
642,DERROTA_ESTRUCTURAL,11,5,3,26,,,
643,DERROTA_VICTIMAS,7,3,4,14,,,
644,DERROTA_VICTIMAS,10,5,4,19,,,
645,TIMEOUT,-1,-1,-1,-1,,,
646,TIMEOUT,-1,-1,-1,-1,,,
647,DERROTA_VICTIMAS,11,3,4,26,,,
648,TIMEOUT,-1,-1,-1,-1,,,
649,DERROTA_ESTRUCTURAL,11,2,1,25,,,
650,DERROTA_ESTRUCTURAL,11,2,0,26,,,
651,DERROTA_ESTRUCTURAL,10,4,2,24,,,
652,TIMEOUT,-1,-1,-1,-1,,,
653,TIMEOUT,-1,-1,-1,-1,,,
654,TIMEOUT,-1,-1,-1,-1,,,
655,TIMEOUT,-1,-1,-1,-1,,,
656,VICTORIA,10,7,1,29,,,
657,DERROTA_ESTRUCTURAL,11,4,1,25,,,
658,TIMEOUT,-1,-1,-1,-1,,,
659,TIMEOUT,-1,-1,-1,-1,,,
660,TIMEOUT,-1,-1,-1,-1,,,
661,TIMEOUT,-1,-1,-1,-1,,,
662,TIMEOUT,-1,-1,-1,-1,,,
663,DERROTA_ESTRUCTURAL,11,6,1,29,,,
664,TIMEOUT,-1,-1,-1,-1,,,
665,TIMEOUT,-1,-1,-1,-1,,,
666,TIMEOUT,-1,-1,-1,-1,,,
667,TIMEOUT,-1,-1,-1,-1,,,
668,DERROTA_ESTRUCTURAL,12,4,0,26,,,
669,DERROTA_ESTRUCTURAL,10,3,1,29,,,
670,TIMEOUT,-1,-1,-1,-1,,,
671,TIMEOUT,-1,-1,-1,-1,,,
672,TIMEOUT,-1,-1,-1,-1,,,
673,DERROTA_ESTRUCTURAL,10,5,1,24,,,
674,DERROTA_ESTRUCTURAL,15,4,1,27,,,
675,TIMEOUT,-1,-1,-1,-1,,,
676,TIMEOUT,-1,-1,-1,-1,,,
677,TIMEOUT,-1,-1,-1,-1,,,
678,DERROTA_ESTRUCTURAL,12,4,0,25,,,
679,DERROTA_ESTRUCTURAL,11,3,2,24,,,
680,DERROTA_ESTRUCTURAL,10,5,1,24,,,
681,DERROTA_ESTRUCTURAL,13,4,0,29,,,
682,TIMEOUT,-1,-1,-1,-1,,,
683,TIMEOUT,-1,-1,-1,-1,,,
684,TIMEOUT,-1,-1,-1,-1,,,
685,TIMEOUT,-1,-1,-1,-1,,,
686,TIMEOUT,-1,-1,-1,-1,,,
687,DERROTA_VICTIMAS,10,3,4,24,,,
688,DERROTA_ESTRUCTURAL,11,5,1,25,,,
689,TIMEOUT,-1,-1,-1,-1,,,
690,TIMEOUT,-1,-1,-1,-1,,,
691,TIMEOUT,-1,-1,-1,-1,,,
692,DERROTA_ESTRUCTURAL,11,4,0,24,,,
693,TIMEOUT,-1,-1,-1,-1,,,
694,DERROTA_ESTRUCTURAL,11,5,2,26,,,
695,TIMEOUT,-1,-1,-1,-1,,,
696,TIMEOUT,-1,-1,-1,-1,,,
697,DERROTA_ESTRUCTURAL,13,6,0,27,,,
698,TIMEOUT,-1,-1,-1,-1,,,
699,DERROTA_ESTRUCTURAL,9,4,3,24,,,
700,DERROTA_ESTRUCTURAL,9,6,2,24,,,
701,DERROTA_ESTRUCTURAL,12,6,2,25,,,
702,DERROTA_ESTRUCTURAL,15,2,0,27,,,
703,DERROTA_ESTRUCTURAL,9,4,3,27,,,
704,DERROTA_VICTIMAS,8,3,4,21,,,
705,DERROTA_VICTIMAS,11,3,4,25,,,
706,DERROTA_ESTRUCTURAL,13,4,3,25,,,
707,TIMEOUT,-1,-1,-1,-1,,,
708,DERROTA_ESTRUCTURAL,12,2,1,29,,,
709,TIMEOUT,-1,-1,-1,-1,,,
710,TIMEOUT,-1,-1,-1,-1,,,
711,TIMEOUT,-1,-1,-1,-1,,,
712,TIMEOUT,-1,-1,-1,-1,,,
713,TIMEOUT,-1,-1,-1,-1,,,
714,TIMEOUT,-1,-1,-1,-1,,,
715,DERROTA_ESTRUCTURAL,13,6,2,25,,,
716,DERROTA_ESTRUCTURAL,10,4,1,26,,,
717,DERROTA_ESTRUCTURAL,9,4,0,24,,,
718,TIMEOUT,-1,-1,-1,-1,,,
719,DERROTA_ESTRUCTURAL,10,4,1,26,,,
720,DERROTA_VICTIMAS,9,3,4,24,,,
721,TIMEOUT,-1,-1,-1,-1,,,
722,TIMEOUT,-1,-1,-1,-1,,,
723,TIMEOUT,-1,-1,-1,-1,,,
724,TIMEOUT,-1,-1,-1,-1,,,
725,DERROTA_ESTRUCTURAL,11,4,2,25,,,
726,DERROTA_ESTRUCTURAL,12,3,1,27,,,
727,TIMEOUT,-1,-1,-1,-1,,,
728,DERROTA_ESTRUCTURAL,11,4,1,25,,,
729,TIMEOUT,-1,-1,-1,-1,,,
730,DERROTA_ESTRUCTURAL,10,5,3,26,,,
731,TIMEOUT,-1,-1,-1,-1,,,
732,DERROTA_ESTRUCTURAL,11,4,0,26,,,
733,DERROTA_ESTRUCTURAL,12,3,2,25,,,
734,DERROTA_ESTRUCTURAL,11,4,0,28,,,
735,TIMEOUT,-1,-1,-1,-1,,,
736,TIMEOUT,-1,-1,-1,-1,,,
737,DERROTA_ESTRUCTURAL,11,4,1,26,,,
738,DERROTA_ESTRUCTURAL,10,2,0,24,,,
739,TIMEOUT,-1,-1,-1,-1,,,
740,DERROTA_VICTIMAS,8,5,5,23,,,
741,TIMEOUT,-1,-1,-1,-1,,,
742,DERROTA_ESTRUCTURAL,11,4,3,24,,,
743,TIMEOUT,-1,-1,-1,-1,,,
744,TIMEOUT,-1,-1,-1,-1,,,
745,TIMEOUT,-1,-1,-1,-1,,,
746,DERROTA_ESTRUCTURAL,10,3,0,25,,,
747,DERROTA_ESTRUCTURAL,15,2,0,25,,,
748,TIMEOUT,-1,-1,-1,-1,,,
749,DERROTA_ESTRUCTURAL,9,3,0,24,,,
750,DERROTA_ESTRUCTURAL,11,4,2,28,,,
751,TIMEOUT,-1,-1,-1,-1,,,
752,DERROTA_VICTIMAS,10,5,4,20,,,
753,TIMEOUT,-1,-1,-1,-1,,,
754,DERROTA_ESTRUCTURAL,12,6,2,27,,,
755,DERROTA_ESTRUCTURAL,10,4,2,26,,,
756,TIMEOUT,-1,-1,-1,-1,,,
757,DERROTA_ESTRUCTURAL,10,5,3,24,,,
758,DERROTA_ESTRUCTURAL,11,3,0,26,,,
759,DERROTA_ESTRUCTURAL,12,4,2,24,,,
760,TIMEOUT,-1,-1,-1,-1,,,
761,DERROTA_ESTRUCTURAL,11,2,0,24,,,
762,DERROTA_VICTIMAS,7,4,5,18,,,
763,DERROTA_VICTIMAS,7,4,4,17,,,
764,DERROTA_VICTIMAS,10,5,4,19,,,
765,DERROTA_ESTRUCTURAL,14,6,2,26,,,
766,DERROTA_ESTRUCTURAL,14,3,1,25,,,
767,TIMEOUT,-1,-1,-1,-1,,,
768,TIMEOUT,-1,-1,-1,-1,,,
769,TIMEOUT,-1,-1,-1,-1,,,
770,DERROTA_ESTRUCTURAL,10,4,0,24,,,
771,TIMEOUT,-1,-1,-1,-1,,,
772,TIMEOUT,-1,-1,-1,-1,,,
773,TIMEOUT,-1,-1,-1,-1,,,
774,TIMEOUT,-1,-1,-1,-1,,,
775,TIMEOUT,-1,-1,-1,-1,,,
776,DERROTA_VICTIMAS,8,6,4,14,,,
777,VICTORIA,6,7,0,11,,,
778,DERROTA_VICTIMAS,9,3,4,20,,,
779,DERROTA_ESTRUCTURAL,12,4,2,26,,,
780,DERROTA_ESTRUCTURAL,11,4,1,25,,,
781,TIMEOUT,-1,-1,-1,-1,,,
782,TIMEOUT,-1,-1,-1,-1,,,
783,DERROTA_ESTRUCTURAL,12,3,0,24,,,
784,TIMEOUT,-1,-1,-1,-1,,,
785,DERROTA_VICTIMAS,11,4,4,20,,,
786,TIMEOUT,-1,-1,-1,-1,,,
787,TIMEOUT,-1,-1,-1,-1,,,
788,TIMEOUT,-1,-1,-1,-1,,,
789,TIMEOUT,-1,-1,-1,-1,,,
790,TIMEOUT,-1,-1,-1,-1,,,
791,DERROTA_VICTIMAS,10,5,4,14,,,
792,TIMEOUT,-1,-1,-1,-1,,,
793,DERROTA_ESTRUCTURAL,12,3,1,26,,,
794,TIMEOUT,-1,-1,-1,-1,,,
795,TIMEOUT,-1,-1,-1,-1,,,
796,TIMEOUT,-1,-1,-1,-1,,,
797,TIMEOUT,-1,-1,-1,-1,,,
798,VICTORIA,8,7,1,13,,,
799,TIMEOUT,-1,-1,-1,-1,,,
800,DERROTA_ESTRUCTURAL,11,3,0,25,,,
801,TIMEOUT,-1,-1,-1,-1,,,
802,TIMEOUT,-1,-1,-1,-1,,,
803,DERROTA_ESTRUCTURAL,11,3,0,25,,,
804,DERROTA_ESTRUCTURAL,10,5,3,26,,,
805,DERROTA_ESTRUCTURAL,10,3,2,25,,,
806,DERROTA_ESTRUCTURAL,10,4,3,25,,,
807,TIMEOUT,-1,-1,-1,-1,,,
808,DERROTA_ESTRUCTURAL,9,2,0,24,,,
809,DERROTA_ESTRUCTURAL,13,4,0,27,,,
810,DERROTA_ESTRUCTURAL,8,4,2,27,,,
811,DERROTA_ESTRUCTURAL,16,2,0,25,,,
812,TIMEOUT,-1,-1,-1,-1,,,
813,DERROTA_ESTRUCTURAL,13,2,1,26,,,
814,DERROTA_ESTRUCTURAL,11,4,0,24,,,
815,DERROTA_ESTRUCTURAL,13,5,0,26,,,
816,TIMEOUT,-1,-1,-1,-1,,,
817,DERROTA_ESTRUCTURAL,11,4,0,27,,,
818,DERROTA_ESTRUCTURAL,9,5,2,24,,,
819,TIMEOUT,-1,-1,-1,-1,,,
820,TIMEOUT,-1,-1,-1,-1,,,
821,DERROTA_ESTRUCTURAL,12,3,1,26,,,
822,DERROTA_ESTRUCTURAL,11,6,3,24,,,
823,DERROTA_ESTRUCTURAL,13,2,0,24,,,
824,DERROTA_ESTRUCTURAL,12,6,2,27,,,
825,DERROTA_ESTRUCTURAL,9,4,3,24,,,
826,TIMEOUT,-1,-1,-1,-1,,,
827,DERROTA_ESTRUCTURAL,10,4,3,25,,,
828,DERROTA_ESTRUCTURAL,6,3,0,24,,,
829,TIMEOUT,-1,-1,-1,-1,,,
830,DERROTA_ESTRUCTURAL,11,3,0,25,,,
831,TIMEOUT,-1,-1,-1,-1,,,
832,DERROTA_ESTRUCTURAL,12,4,3,28,,,
833,TIMEOUT,-1,-1,-1,-1,,,
834,TIMEOUT,-1,-1,-1,-1,,,
835,DERROTA_ESTRUCTURAL,9,5,2,24,,,
836,DERROTA_ESTRUCTURAL,9,4,0,24,,,
837,TIMEOUT,-1,-1,-1,-1,,,
838,DERROTA_VICTIMAS,9,5,4,19,,,
839,TIMEOUT,-1,-1,-1,-1,,,
840,TIMEOUT,-1,-1,-1,-1,,,
841,TIMEOUT,-1,-1,-1,-1,,,
842,TIMEOUT,-1,-1,-1,-1,,,
843,DERROTA_ESTRUCTURAL,13,3,0,25,,,
844,DERROTA_ESTRUCTURAL,11,5,1,26,,,
845,DERROTA_ESTRUCTURAL,12,3,1,25,,,
846,TIMEOUT,-1,-1,-1,-1,,,
847,TIMEOUT,-1,-1,-1,-1,,,
848,DERROTA_ESTRUCTURAL,11,4,0,26,,,62
849,DERROTA_ESTRUCTURAL,9,2,1,27,,,
850,TIMEOUT,-1,-1,-1,-1,,,
851,DERROTA_ESTRUCTURAL,10,4,1,26,,,
852,DERROTA_ESTRUCTURAL,14,4,0,26,,,
853,TIMEOUT,-1,-1,-1,-1,,,
854,TIMEOUT,-1,-1,-1,-1,,,
855,TIMEOUT,-1,-1,-1,-1,,,
856,TIMEOUT,-1,-1,-1,-1,,,
857,DERROTA_ESTRUCTURAL,11,2,0,24,,,
858,DERROTA_ESTRUCTURAL,13,3,1,26,,,
859,DERROTA_ESTRUCTURAL,14,2,1,26,,,
860,TIMEOUT,-1,-1,-1,-1,,,
861,TIMEOUT,-1,-1,-1,-1,,,
862,DERROTA_ESTRUCTURAL,11,4,0,25,,,
863,VICTORIA,7,7,0,11,,,
864,DERROTA_ESTRUCTURAL,11,2,3,27,,,
865,DERROTA_ESTRUCTURAL,13,4,1,28,,,
866,DERROTA_ESTRUCTURAL,13,5,0,24,,,
867,DERROTA_ESTRUCTURAL,10,5,2,29,,,
868,TIMEOUT,-1,-1,-1,-1,,,
869,DERROTA_ESTRUCTURAL,9,5,2,25,,,
870,TIMEOUT,-1,-1,-1,-1,,,
871,DERROTA_ESTRUCTURAL,10,5,3,26,,,
872,DERROTA_VICTIMAS,8,2,4,21,,,
873,TIMEOUT,-1,-1,-1,-1,,,
874,TIMEOUT,-1,-1,-1,-1,,,
875,TIMEOUT,-1,-1,-1,-1,,,
876,DERROTA_ESTRUCTURAL,10,3,2,24,,,
877,TIMEOUT,-1,-1,-1,-1,,,
878,DERROTA_ESTRUCTURAL,11,4,2,24,,,
879,DERROTA_ESTRUCTURAL,12,2,0,24,,,
880,DERROTA_ESTRUCTURAL,12,2,2,24,,,
881,DERROTA_ESTRUCTURAL,11,6,1,27,,,
882,TIMEOUT,-1,-1,-1,-1,,,
883,DERROTA_VICTIMAS,11,4,4,24,,,
884,TIMEOUT,-1,-1,-1,-1,,,
885,DERROTA_ESTRUCTURAL,9,4,1,25,,,
886,DERROTA_VICTIMAS,7,4,4,14,,,
887,DERROTA_ESTRUCTURAL,10,3,0,24,,,
888,TIMEOUT,-1,-1,-1,-1,,,
889,TIMEOUT,-1,-1,-1,-1,,,
890,DERROTA_VICTIMAS,11,3,5,19,,,
891,TIMEOUT,-1,-1,-1,-1,,,
892,TIMEOUT,-1,-1,-1,-1,,,
893,DERROTA_ESTRUCTURAL,11,4,1,25,,,
894,DERROTA_ESTRUCTURAL,9,4,1,26,,,
895,DERROTA_VICTIMAS,9,5,4,23,,,
896,DERROTA_ESTRUCTURAL,9,3,3,24,,,
897,DERROTA_ESTRUCTURAL,8,4,2,25,,,
898,TIMEOUT,-1,-1,-1,-1,,,
899,DERROTA_VICTIMAS,7,4,4,13,,,
900,DERROTA_ESTRUCTURAL,15,5,2,25,,,
901,DERROTA_ESTRUCTURAL,8,5,2,25,,,
902,DERROTA_ESTRUCTURAL,12,6,3,24,,,
903,TIMEOUT,-1,-1,-1,-1,,,
904,DERROTA_ESTRUCTURAL,13,4,0,26,,,
905,DERROTA_ESTRUCTURAL,13,5,3,25,,,
906,DERROTA_ESTRUCTURAL,13,6,1,24,,,
907,DERROTA_ESTRUCTURAL,9,3,2,25,,,
908,TIMEOUT,-1,-1,-1,-1,,,
909,DERROTA_ESTRUCTURAL,12,4,2,27,,,
910,DERROTA_ESTRUCTURAL,14,4,2,26,,,
911,TIMEOUT,-1,-1,-1,-1,,,
912,DERROTA_ESTRUCTURAL,13,4,1,26,,,
913,DERROTA_ESTRUCTURAL,12,4,0,28,,,
914,DERROTA_ESTRUCTURAL,14,3,1,26,,,
915,DERROTA_ESTRUCTURAL,9,2,1,24,,,
916,DERROTA_ESTRUCTURAL,9,4,1,26,,,
917,DERROTA_ESTRUCTURAL,15,3,3,25,,,
918,TIMEOUT,-1,-1,-1,-1,,,
919,TIMEOUT,-1,-1,-1,-1,,,
920,TIMEOUT,-1,-1,-1,-1,,,
921,DERROTA_ESTRUCTURAL,11,5,3,25,,,
922,TIMEOUT,-1,-1,-1,-1,,,
923,DERROTA_ESTRUCTURAL,13,5,1,24,,,
924,DERROTA_VICTIMAS,8,3,4,14,,,
925,DERROTA_ESTRUCTURAL,15,6,3,24,,,
926,DERROTA_VICTIMAS,13,4,4,22,,,
927,DERROTA_ESTRUCTURAL,11,4,0,24,,,
928,TIMEOUT,-1,-1,-1,-1,,,
929,TIMEOUT,-1,-1,-1,-1,,,
930,DERROTA_VICTIMAS,9,3,4,25,,,
931,TIMEOUT,-1,-1,-1,-1,,,
932,TIMEOUT,-1,-1,-1,-1,,,
933,DERROTA_ESTRUCTURAL,10,3,1,26,,,
934,DERROTA_ESTRUCTURAL,7,5,1,24,,,
935,TIMEOUT,-1,-1,-1,-1,,,
936,DERROTA_ESTRUCTURAL,10,4,1,29,,,
937,DERROTA_ESTRUCTURAL,13,3,1,25,,,
938,TIMEOUT,-1,-1,-1,-1,,,
939,TIMEOUT,-1,-1,-1,-1,,,
940,TIMEOUT,-1,-1,-1,-1,,,
941,DERROTA_ESTRUCTURAL,13,3,1,25,,,
942,TIMEOUT,-1,-1,-1,-1,,,
943,TIMEOUT,-1,-1,-1,-1,,,
944,TIMEOUT,-1,-1,-1,-1,,,
945,DERROTA_ESTRUCTURAL,12,2,0,25,,,
946,TIMEOUT,-1,-1,-1,-1,,,
947,TIMEOUT,-1,-1,-1,-1,,,
948,TIMEOUT,-1,-1,-1,-1,,,
949,TIMEOUT,-1,-1,-1,-1,,,
950,TIMEOUT,-1,-1,-1,-1,,,
951,TIMEOUT,-1,-1,-1,-1,,,
952,DERROTA_ESTRUCTURAL,12,2,0,26,,,
953,TIMEOUT,-1,-1,-1,-1,,,
954,DERROTA_ESTRUCTURAL,11,2,0,26,,,
955,DERROTA_ESTRUCTURAL,12,2,0,26,,,
956,DERROTA_ESTRUCTURAL,13,4,0,25,,,
957,DERROTA_ESTRUCTURAL,10,4,0,25,,,
958,DERROTA_ESTRUCTURAL,13,5,3,27,,,
959,DERROTA_ESTRUCTURAL,14,2,0,27,,,
960,DERROTA_ESTRUCTURAL,14,3,0,24,,,
961,DERROTA_ESTRUCTURAL,13,2,0,24,,,
962,DERROTA_ESTRUCTURAL,13,4,0,24,,,
963,DERROTA_ESTRUCTURAL,8,4,1,24,,,
964,DERROTA_ESTRUCTURAL,14,4,1,27,,,
965,TIMEOUT,-1,-1,-1,-1,,,
966,TIMEOUT,-1,-1,-1,-1,,,
967,TIMEOUT,-1,-1,-1,-1,,,
968,DERROTA_VICTIMAS,9,5,4,18,,,
969,TIMEOUT,-1,-1,-1,-1,,,
970,TIMEOUT,-1,-1,-1,-1,,,
971,TIMEOUT,-1,-1,-1,-1,,,
972,DERROTA_ESTRUCTURAL,11,5,1,25,,,
973,TIMEOUT,-1,-1,-1,-1,,,
974,DERROTA_ESTRUCTURAL,11,4,0,25,,,
975,TIMEOUT,-1,-1,-1,-1,,,
976,DERROTA_ESTRUCTURAL,9,3,1,25,,,
977,DERROTA_ESTRUCTURAL,16,2,0,26,,,
978,DERROTA_ESTRUCTURAL,11,2,2,24,,,
979,DERROTA_ESTRUCTURAL,14,2,0,24,,,
980,TIMEOUT,-1,-1,-1,-1,,,
981,TIMEOUT,-1,-1,-1,-1,,,
982,DERROTA_ESTRUCTURAL,10,3,1,24,,,
983,DERROTA_ESTRUCTURAL,10,4,1,24,,,
984,DERROTA_ESTRUCTURAL,12,3,0,25,,,
985,TIMEOUT,-1,-1,-1,-1,,,
986,DERROTA_ESTRUCTURAL,12,4,2,24,,,
987,DERROTA_ESTRUCTURAL,12,3,0,25,,,
988,DERROTA_ESTRUCTURAL,12,4,3,25,,,
989,TIMEOUT,-1,-1,-1,-1,,,
990,TIMEOUT,-1,-1,-1,-1,,,
991,DERROTA_ESTRUCTURAL,11,4,1,24,,,
992,DERROTA_ESTRUCTURAL,11,4,3,24,,,
993,TIMEOUT,-1,-1,-1,-1,,,
994,TIMEOUT,-1,-1,-1,-1,,,
995,TIMEOUT,-1,-1,-1,-1,,,
996,TIMEOUT,-1,-1,-1,-1,,,
997,TIMEOUT,-1,-1,-1,-1,,,
998,DERROTA_ESTRUCTURAL,11,3,0,24,,,
999,TIMEOUT,-1,-1,-1,-1,,,
1000,TIMEOUT,-1,-1,-1,-1,,,